<ImportExportXml version="9.2.24112.220" SolutionPackageVersion="9.2" languagecode="1033" generatedBy="CrmLive" xmlns:xsi="http://www.w3.org/2001/XMLSchema-instance" OrganizationVersion="9.2.24112.220" OrganizationSchemaType="Full" CRMServerServiceabilityVersion="9.2.24112.00220">
  <SolutionManifest>
    <UniqueName>InterviewAIAssistant</UniqueName>
    <LocalizedNames>
      <LocalizedName description="AI Interview Assistant" languagecode="1033" />
    </LocalizedNames>
    <Descriptions />
    <Version>5.0.0.3</Version>
    <Managed>0</Managed>
    <Publisher>
      <UniqueName>davidsoden</UniqueName>
      <LocalizedNames>
        <LocalizedName description="DavidSoden" languagecode="1033" />
      </LocalizedNames>
      <Descriptions>
        <Description description="DavidSoden" languagecode="1033" />
      </Descriptions>
      <EMailAddress xsi:nil="true"></EMailAddress>
      <SupportingWebsiteUrl xsi:nil="true"></SupportingWebsiteUrl>
      <CustomizationPrefix>dts</CustomizationPrefix>
      <CustomizationOptionValuePrefix>45138</CustomizationOptionValuePrefix>
      <Addresses>
        <Address>
          <AddressNumber>1</AddressNumber>
          <AddressTypeCode>1</AddressTypeCode>
          <City xsi:nil="true"></City>
          <County xsi:nil="true"></County>
          <Country xsi:nil="true"></Country>
          <Fax xsi:nil="true"></Fax>
          <FreightTermsCode xsi:nil="true"></FreightTermsCode>
          <ImportSequenceNumber xsi:nil="true"></ImportSequenceNumber>
          <Latitude xsi:nil="true"></Latitude>
          <Line1 xsi:nil="true"></Line1>
          <Line2 xsi:nil="true"></Line2>
          <Line3 xsi:nil="true"></Line3>
          <Longitude xsi:nil="true"></Longitude>
          <Name xsi:nil="true"></Name>
          <PostalCode xsi:nil="true"></PostalCode>
          <PostOfficeBox xsi:nil="true"></PostOfficeBox>
          <PrimaryContactName xsi:nil="true"></PrimaryContactName>
          <ShippingMethodCode>1</ShippingMethodCode>
          <StateOrProvince xsi:nil="true"></StateOrProvince>
          <Telephone1 xsi:nil="true"></Telephone1>
          <Telephone2 xsi:nil="true"></Telephone2>
          <Telephone3 xsi:nil="true"></Telephone3>
          <TimeZoneRuleVersionNumber xsi:nil="true"></TimeZoneRuleVersionNumber>
          <UPSZone xsi:nil="true"></UPSZone>
          <UTCOffset xsi:nil="true"></UTCOffset>
          <UTCConversionTimeZoneCode xsi:nil="true"></UTCConversionTimeZoneCode>
        </Address>
        <Address>
          <AddressNumber>2</AddressNumber>
          <AddressTypeCode>1</AddressTypeCode>
          <City xsi:nil="true"></City>
          <County xsi:nil="true"></County>
          <Country xsi:nil="true"></Country>
          <Fax xsi:nil="true"></Fax>
          <FreightTermsCode xsi:nil="true"></FreightTermsCode>
          <ImportSequenceNumber xsi:nil="true"></ImportSequenceNumber>
          <Latitude xsi:nil="true"></Latitude>
          <Line1 xsi:nil="true"></Line1>
          <Line2 xsi:nil="true"></Line2>
          <Line3 xsi:nil="true"></Line3>
          <Longitude xsi:nil="true"></Longitude>
          <Name xsi:nil="true"></Name>
          <PostalCode xsi:nil="true"></PostalCode>
          <PostOfficeBox xsi:nil="true"></PostOfficeBox>
          <PrimaryContactName xsi:nil="true"></PrimaryContactName>
          <ShippingMethodCode>1</ShippingMethodCode>
          <StateOrProvince xsi:nil="true"></StateOrProvince>
          <Telephone1 xsi:nil="true"></Telephone1>
          <Telephone2 xsi:nil="true"></Telephone2>
          <Telephone3 xsi:nil="true"></Telephone3>
          <TimeZoneRuleVersionNumber xsi:nil="true"></TimeZoneRuleVersionNumber>
          <UPSZone xsi:nil="true"></UPSZone>
          <UTCOffset xsi:nil="true"></UTCOffset>
          <UTCConversionTimeZoneCode xsi:nil="true"></UTCConversionTimeZoneCode>
        </Address>
      </Addresses>
    </Publisher>
    <RootComponents>
      <RootComponent type="1" schemaName="dts_job_candidatesummary" behavior="0" />
      <RootComponent type="1" schemaName="dts_job_interviews" behavior="0" />
      <RootComponent type="1" schemaName="dts_job_jobs" behavior="0" />
      <RootComponent type="1" schemaName="dts_job_questions" behavior="0" />
      <RootComponent type="1" schemaName="dts_job_settings" behavior="0" />
      <RootComponent type="1" schemaName="dts_job_taxonomy" behavior="0" />
      <RootComponent type="20" id="{97ec3655-426f-ee11-8df0-0022480c034b}" behavior="0" />
      <RootComponent type="300" schemaName="dts_interviewaiassistant_7e838" behavior="0" />
      <RootComponent type="372" id="{b4e4faff-88bb-409a-841b-c294879ae37a}" schemaName="new_5Fcustom-5Fopenai" behavior="0" />
    </RootComponents>
    <MissingDependencies>
      <MissingDependency>
        <Required type="66" schemaName="btd_contoso.excelexport" displayName="btd_contoso.excelexport" solution="Active" />
        <Dependent type="300" schemaName="dts_interviewaiassistant_7e838" displayName="AI Interview Assistant" />
      </MissingDependency>
    </MissingDependencies>
  </SolutionManifest>
</ImportExportXml>